"id","url","createdAt","updatedAt"
"-8roc4viS","https://cdn2.thecatapi.com/images/-8roc4viS.jpg","2024-03-20 09:33:36.791+08","2024-03-20 09:33:36.791+08"
"-ATvkFxvA","https://cdn2.thecatapi.com/images/-ATvkFxvA.jpg","2024-03-20 09:33:36.789+08","2024-03-20 09:33:36.789+08"
"_BhPUA-L-","https://cdn2.thecatapi.com/images/_BhPUA-L-.jpg","2024-03-20 09:33:36.791+08","2024-03-20 09:33:36.791+08"
"_rWrxmDVv","https://cdn2.thecatapi.com/images/_rWrxmDVv.png","2024-03-20 09:33:36.789+08","2024-03-20 09:33:36.789+08"
"1TcC-kiI1","https://cdn2.thecatapi.com/images/1TcC-kiI1.jpg","2024-03-20 09:33:36.79+08","2024-03-20 09:33:36.79+08"
"2LEN_GHmx","https://cdn2.thecatapi.com/images/2LEN_GHmx.jpg","2024-03-20 09:33:36.791+08","2024-03-20 09:33:36.791+08"
"32u84LkNG","https://cdn2.thecatapi.com/images/32u84LkNG.jpg","2024-03-20 09:33:36.788+08","2024-03-20 09:33:36.788+08"
"3Pem6K30P","https://cdn2.thecatapi.com/images/3Pem6K30P.jpg","2024-03-20 09:33:36.791+08","2024-03-20 09:33:36.791+08"
"4mksJzUgG","https://cdn2.thecatapi.com/images/4mksJzUgG.png","2024-03-20 09:33:36.791+08","2024-03-20 09:33:36.791+08"
"5dF28H7__","https://cdn2.thecatapi.com/images/5dF28H7__.jpg","2024-03-20 09:33:36.789+08","2024-03-20 09:33:36.789+08"
"5EDC-TDcN","https://cdn2.thecatapi.com/images/5EDC-TDcN.jpg","2024-03-20 09:33:36.79+08","2024-03-20 09:33:36.79+08"
"5qNv0jHXW","https://cdn2.thecatapi.com/images/5qNv0jHXW.jpg","2024-03-20 09:33:36.791+08","2024-03-20 09:33:36.791+08"
"6KCUyqE4v","https://cdn2.thecatapi.com/images/6KCUyqE4v.jpg","2024-03-20 09:33:36.791+08","2024-03-20 09:33:36.791+08"
"7-1CtKMRr","https://cdn2.thecatapi.com/images/7-1CtKMRr.jpg","2024-03-20 09:33:36.789+08","2024-03-20 09:33:36.789+08"
"8pCFG7gCV","https://cdn2.thecatapi.com/images/8pCFG7gCV.jpg","2024-03-20 09:33:36.789+08","2024-03-20 09:33:36.789+08"
"9x1zk_Qdr","https://cdn2.thecatapi.com/images/9x1zk_Qdr.jpg","2024-03-20 09:33:36.79+08","2024-03-20 09:33:36.79+08"
"a1g4Ycw-z","https://cdn2.thecatapi.com/images/a1g4Ycw-z.jpg","2024-03-20 09:33:36.788+08","2024-03-20 09:33:36.788+08"
"afc0MNLCE","https://cdn2.thecatapi.com/images/afc0MNLCE.jpg","2024-03-20 09:33:36.791+08","2024-03-20 09:33:36.791+08"
"agwTe5TSe","https://cdn2.thecatapi.com/images/agwTe5TSe.jpg","2024-03-20 09:33:36.791+08","2024-03-20 09:33:36.791+08"
"aJAsEA8uU","https://cdn2.thecatapi.com/images/aJAsEA8uU.jpg","2024-03-20 09:33:36.79+08","2024-03-20 09:33:36.79+08"
"aMcspzvtg","https://cdn2.thecatapi.com/images/aMcspzvtg.jpg","2024-03-20 09:33:36.79+08","2024-03-20 09:33:36.79+08"
"bju16uKfD","https://cdn2.thecatapi.com/images/bju16uKfD.jpg","2024-03-20 09:33:36.79+08","2024-03-20 09:33:36.79+08"
"bqTGCEECv","https://cdn2.thecatapi.com/images/bqTGCEECv.jpg","2024-03-20 09:33:36.791+08","2024-03-20 09:33:36.791+08"
"BTiGuPOqW","https://cdn2.thecatapi.com/images/BTiGuPOqW.jpg","2024-03-20 09:33:36.79+08","2024-03-20 09:33:36.79+08"
"btNeFAWNP","https://cdn2.thecatapi.com/images/btNeFAWNP.jpg","2024-03-20 09:33:36.791+08","2024-03-20 09:33:36.791+08"
"bvG8QGrnU","https://cdn2.thecatapi.com/images/bvG8QGrnU.jpg","2024-03-20 09:33:36.79+08","2024-03-20 09:33:36.79+08"
"BZ59tdOo6","https://cdn2.thecatapi.com/images/BZ59tdOo6.jpg","2024-03-20 09:33:36.79+08","2024-03-20 09:33:36.79+08"
"c1OwKLEdL","https://cdn2.thecatapi.com/images/c1OwKLEdL.jpg","2024-03-20 09:33:36.79+08","2024-03-20 09:33:36.79+08"
"c9sGDkRoi","https://cdn2.thecatapi.com/images/c9sGDkRoi.jpg","2024-03-20 09:33:36.79+08","2024-03-20 09:33:36.79+08"
"d55E_KMKZ","https://cdn2.thecatapi.com/images/d55E_KMKZ.jpg","2024-03-20 09:33:36.791+08","2024-03-20 09:33:36.791+08"
"DFHMMPNcD","https://cdn2.thecatapi.com/images/DFHMMPNcD.jpg","2024-03-20 09:33:36.79+08","2024-03-20 09:33:36.79+08"
"dnYQq6Vf3","https://cdn2.thecatapi.com/images/dnYQq6Vf3.jpg","2024-03-20 09:33:36.791+08","2024-03-20 09:33:36.791+08"
"dSiKP0JWG","https://cdn2.thecatapi.com/images/dSiKP0JWG.jpg","2024-03-20 09:33:36.791+08","2024-03-20 09:33:36.791+08"
"DSsW2Fl2d","https://cdn2.thecatapi.com/images/DSsW2Fl2d.jpg","2024-03-20 09:33:36.791+08","2024-03-20 09:33:36.791+08"
"DTcYhC380","https://cdn2.thecatapi.com/images/DTcYhC380.jpg","2024-03-20 09:33:36.791+08","2024-03-20 09:33:36.791+08"
"DYOqsRy9f","https://cdn2.thecatapi.com/images/DYOqsRy9f.jpg","2024-03-20 09:33:36.791+08","2024-03-20 09:33:36.791+08"
"EhOq2RbaI","https://cdn2.thecatapi.com/images/EhOq2RbaI.jpg","2024-03-20 09:33:36.791+08","2024-03-20 09:33:36.791+08"
"f_NV_6GZQ","https://cdn2.thecatapi.com/images/f_NV_6GZQ.jpg","2024-03-20 09:33:36.791+08","2024-03-20 09:33:36.791+08"
"f8FUsjdUw","https://cdn2.thecatapi.com/images/f8FUsjdUw.jpg","2024-03-20 09:33:36.789+08","2024-03-20 09:33:36.789+08"
"fA-hvyvz1","https://cdn2.thecatapi.com/images/fA-hvyvz1.jpg","2024-03-20 09:33:36.791+08","2024-03-20 09:33:36.791+08"
"Fb9fWJuJq","https://cdn2.thecatapi.com/images/Fb9fWJuJq.jpg","2024-03-20 09:33:36.79+08","2024-03-20 09:33:36.79+08"
"fG-wtktoL","https://cdn2.thecatapi.com/images/fG-wtktoL.jpg","2024-03-20 09:33:36.79+08","2024-03-20 09:33:36.79+08"
"g4vhUKcZX","https://cdn2.thecatapi.com/images/g4vhUKcZX.jpg","2024-03-20 09:33:36.789+08","2024-03-20 09:33:36.789+08"
"GcZbVDVi8","https://cdn2.thecatapi.com/images/GcZbVDVi8.jpg","2024-03-20 09:33:36.791+08","2024-03-20 09:33:36.791+08"
"gMjW5RYB0","https://cdn2.thecatapi.com/images/gMjW5RYB0.jpg","2024-03-20 09:33:36.791+08","2024-03-20 09:33:36.791+08"
"GQ61BDToD","https://cdn2.thecatapi.com/images/GQ61BDToD.jpg","2024-03-20 09:33:36.791+08","2024-03-20 09:33:36.791+08"
"hBXicehMA","https://cdn2.thecatapi.com/images/hBXicehMA.jpg","2024-03-20 09:33:36.789+08","2024-03-20 09:33:36.789+08"
"HksHrR8-9","https://cdn2.thecatapi.com/images/HksHrR8-9.jpg","2024-03-20 09:33:36.791+08","2024-03-20 09:33:36.791+08"
"hYG6uIRWL","https://cdn2.thecatapi.com/images/hYG6uIRWL.jpg","2024-03-20 09:33:36.791+08","2024-03-20 09:33:36.791+08"
"HYTJQgs2M","https://cdn2.thecatapi.com/images/HYTJQgs2M.jpg","2024-03-20 09:33:36.791+08","2024-03-20 09:33:36.791+08"
"iapoHxQxL","https://cdn2.thecatapi.com/images/iapoHxQxL.jpg","2024-03-20 09:33:36.79+08","2024-03-20 09:33:36.79+08"
"ILx2VfmiR","https://cdn2.thecatapi.com/images/ILx2VfmiR.jpg","2024-03-20 09:33:36.79+08","2024-03-20 09:33:36.79+08"
"IOqJ6RK7L","https://cdn2.thecatapi.com/images/IOqJ6RK7L.jpg","2024-03-20 09:33:36.789+08","2024-03-20 09:33:36.789+08"
"IvIKQQqSP","https://cdn2.thecatapi.com/images/IvIKQQqSP.jpg","2024-03-20 09:33:36.791+08","2024-03-20 09:33:36.791+08"
"j3WPHuW7A","https://cdn2.thecatapi.com/images/j3WPHuW7A.jpg","2024-03-20 09:33:36.788+08","2024-03-20 09:33:36.788+08"
"JAqzyLX9k","https://cdn2.thecatapi.com/images/JAqzyLX9k.jpg","2024-03-20 09:33:36.791+08","2024-03-20 09:33:36.791+08"
"JFPROfGtQ","https://cdn2.thecatapi.com/images/JFPROfGtQ.jpg","2024-03-20 09:33:36.788+08","2024-03-20 09:33:36.788+08"
"JnD5BF9Uq","https://cdn2.thecatapi.com/images/JnD5BF9Uq.jpg","2024-03-20 09:33:36.79+08","2024-03-20 09:33:36.79+08"
"JR48AEqts","https://cdn2.thecatapi.com/images/JR48AEqts.jpg","2024-03-20 09:33:36.789+08","2024-03-20 09:33:36.789+08"
"JVITS8pXF","https://cdn2.thecatapi.com/images/JVITS8pXF.jpg","2024-03-20 09:33:36.79+08","2024-03-20 09:33:36.79+08"
"K3eHRIQXM","https://cdn2.thecatapi.com/images/K3eHRIQXM.jpg","2024-03-20 09:33:36.791+08","2024-03-20 09:33:36.791+08"
"kkBIQnncT","https://cdn2.thecatapi.com/images/kkBIQnncT.jpg","2024-03-20 09:33:36.79+08","2024-03-20 09:33:36.79+08"
"kSL4yIF2D","https://cdn2.thecatapi.com/images/kSL4yIF2D.jpg","2024-03-20 09:33:36.791+08","2024-03-20 09:33:36.791+08"
"L5QYxsrYw","https://cdn2.thecatapi.com/images/L5QYxsrYw.jpg","2024-03-20 09:33:36.789+08","2024-03-20 09:33:36.789+08"
"LHOfWpFZa","https://cdn2.thecatapi.com/images/LHOfWpFZa.jpg","2024-03-20 09:33:36.789+08","2024-03-20 09:33:36.789+08"
"LOHjsZumz","https://cdn2.thecatapi.com/images/LOHjsZumz.jpg","2024-03-20 09:33:36.79+08","2024-03-20 09:33:36.79+08"
"LxcLIxuVT","https://cdn2.thecatapi.com/images/LxcLIxuVT.jpg","2024-03-20 09:33:36.788+08","2024-03-20 09:33:36.788+08"
"mcHWg83Yj","https://cdn2.thecatapi.com/images/mcHWg83Yj.jpg","2024-03-20 09:33:36.791+08","2024-03-20 09:33:36.791+08"
"mjeF1hs8v","https://cdn2.thecatapi.com/images/mjeF1hs8v.jpg","2024-03-20 09:33:36.789+08","2024-03-20 09:33:36.789+08"
"MVQu5GSK1","https://cdn2.thecatapi.com/images/MVQu5GSK1.jpg","2024-03-20 09:33:36.791+08","2024-03-20 09:33:36.791+08"
"N5RX2nuGB","https://cdn2.thecatapi.com/images/N5RX2nuGB.jpg","2024-03-20 09:33:36.791+08","2024-03-20 09:33:36.791+08"
"njK25knLH","https://cdn2.thecatapi.com/images/njK25knLH.jpg","2024-03-20 09:33:36.792+08","2024-03-20 09:33:36.792+08"
"O7FnoegHR","https://cdn2.thecatapi.com/images/O7FnoegHR.jpg","2024-03-20 09:33:36.791+08","2024-03-20 09:33:36.791+08"
"ohy1YBZtD","https://cdn2.thecatapi.com/images/ohy1YBZtD.png","2024-03-20 09:33:36.791+08","2024-03-20 09:33:36.791+08"
"OUfeISEoi","https://cdn2.thecatapi.com/images/OUfeISEoi.jpg","2024-03-20 09:33:36.791+08","2024-03-20 09:33:36.791+08"
"P-Zyb-4BZ","https://cdn2.thecatapi.com/images/P-Zyb-4BZ.jpg","2024-03-20 09:33:36.79+08","2024-03-20 09:33:36.79+08"
"p2U4ZXgKL","https://cdn2.thecatapi.com/images/p2U4ZXgKL.jpg","2024-03-20 09:33:36.791+08","2024-03-20 09:33:36.791+08"
"pCJA3xdYu","https://cdn2.thecatapi.com/images/pCJA3xdYu.jpg","2024-03-20 09:33:36.791+08","2024-03-20 09:33:36.791+08"
"q95bpC4ct","https://cdn2.thecatapi.com/images/q95bpC4ct.jpg","2024-03-20 09:33:36.791+08","2024-03-20 09:33:36.791+08"
"qLPz9prjF","https://cdn2.thecatapi.com/images/qLPz9prjF.jpg","2024-03-20 09:33:36.789+08","2024-03-20 09:33:36.789+08"
"rYChTf8ab","https://cdn2.thecatapi.com/images/rYChTf8ab.jpg","2024-03-20 09:33:36.792+08","2024-03-20 09:33:36.792+08"
"SCHe-SekW","https://cdn2.thecatapi.com/images/SCHe-SekW.jpg","2024-03-20 09:33:36.788+08","2024-03-20 09:33:36.788+08"
"Sh_ce5dcl","https://cdn2.thecatapi.com/images/Sh_ce5dcl.png","2024-03-20 09:33:36.791+08","2024-03-20 09:33:36.791+08"
"SwjDQ76Ix","https://cdn2.thecatapi.com/images/SwjDQ76Ix.jpg","2024-03-20 09:33:36.79+08","2024-03-20 09:33:36.79+08"
"sxIXJax6h","https://cdn2.thecatapi.com/images/sxIXJax6h.jpg","2024-03-20 09:33:36.789+08","2024-03-20 09:33:36.789+08"
"TBA3JzB9P","https://cdn2.thecatapi.com/images/TBA3JzB9P.jpg","2024-03-20 09:33:36.791+08","2024-03-20 09:33:36.791+08"
"tF_6-Beo_","https://cdn2.thecatapi.com/images/tF_6-Beo_.jpg","2024-03-20 09:33:36.791+08","2024-03-20 09:33:36.791+08"
"TnwHiS7nO","https://cdn2.thecatapi.com/images/TnwHiS7nO.jpg","2024-03-20 09:33:36.789+08","2024-03-20 09:33:36.789+08"
"TR-5nAd_S","https://cdn2.thecatapi.com/images/TR-5nAd_S.jpg","2024-03-20 09:33:36.789+08","2024-03-20 09:33:36.789+08"
"TuSyTkt2n","https://cdn2.thecatapi.com/images/TuSyTkt2n.jpg","2024-03-20 09:33:36.791+08","2024-03-20 09:33:36.791+08"
"U3nsHnCXU","https://cdn2.thecatapi.com/images/U3nsHnCXU.jpg","2024-03-20 09:33:36.788+08","2024-03-20 09:33:36.788+08"
"UCifm-g71","https://cdn2.thecatapi.com/images/UCifm-g71.jpg","2024-03-20 09:33:36.789+08","2024-03-20 09:33:36.789+08"
"udZiLDG_E","https://cdn2.thecatapi.com/images/udZiLDG_E.jpg","2024-03-20 09:33:36.789+08","2024-03-20 09:33:36.789+08"
"uvyjW5KIG","https://cdn2.thecatapi.com/images/uvyjW5KIG.jpg","2024-03-20 09:33:36.79+08","2024-03-20 09:33:36.79+08"
"UYBsKV2Gg","https://cdn2.thecatapi.com/images/UYBsKV2Gg.jpg","2024-03-20 09:33:36.789+08","2024-03-20 09:33:36.789+08"
"VwGK1QO3m","https://cdn2.thecatapi.com/images/VwGK1QO3m.jpg","2024-03-20 09:33:36.79+08","2024-03-20 09:33:36.79+08"
"VZ3qFLIe3","https://cdn2.thecatapi.com/images/VZ3qFLIe3.jpg","2024-03-20 09:33:36.79+08","2024-03-20 09:33:36.79+08"
"WAwazYKhH","https://cdn2.thecatapi.com/images/WAwazYKhH.jpg","2024-03-20 09:33:36.79+08","2024-03-20 09:33:36.79+08"
"WEgQATxKa","https://cdn2.thecatapi.com/images/WEgQATxKa.jpg","2024-03-20 09:33:36.788+08","2024-03-20 09:33:36.788+08"
"wJyw82pIl","https://cdn2.thecatapi.com/images/wJyw82pIl.jpg","2024-03-20 09:33:36.788+08","2024-03-20 09:33:36.788+08"
"wu1YzlB9q","https://cdn2.thecatapi.com/images/wu1YzlB9q.jpg","2024-03-20 09:33:36.791+08","2024-03-20 09:33:36.791+08"
"xbW2bsXfK","https://cdn2.thecatapi.com/images/xbW2bsXfK.jpg","2024-03-20 09:33:36.79+08","2024-03-20 09:33:36.79+08"
"XcoqcsVzT","https://cdn2.thecatapi.com/images/XcoqcsVzT.jpg","2024-03-20 09:33:36.79+08","2024-03-20 09:33:36.79+08"
"xfkK4cQvp","https://cdn2.thecatapi.com/images/xfkK4cQvp.jpg","2024-03-20 09:33:36.79+08","2024-03-20 09:33:36.79+08"
"xnzzM6MBI","https://cdn2.thecatapi.com/images/xnzzM6MBI.jpg","2024-03-20 09:33:36.79+08","2024-03-20 09:33:36.79+08"
"XwNRjN7JF","https://cdn2.thecatapi.com/images/XwNRjN7JF.jpg","2024-03-20 09:33:36.789+08","2024-03-20 09:33:36.789+08"
"yHZ1Cr6fd","https://cdn2.thecatapi.com/images/yHZ1Cr6fd.jpg","2024-03-20 09:33:36.791+08","2024-03-20 09:33:36.791+08"
"yKXeUMNZ8","https://cdn2.thecatapi.com/images/yKXeUMNZ8.jpg","2024-03-20 09:33:36.791+08","2024-03-20 09:33:36.791+08"
"YmPlzWUvb","https://cdn2.thecatapi.com/images/YmPlzWUvb.jpg","2024-03-20 09:33:36.79+08","2024-03-20 09:33:36.79+08"
"yPmEpKmnR","https://cdn2.thecatapi.com/images/yPmEpKmnR.jpg","2024-03-20 09:33:36.791+08","2024-03-20 09:33:36.791+08"
"yqcbOxkWK","https://cdn2.thecatapi.com/images/yqcbOxkWK.jpg","2024-03-20 09:33:36.79+08","2024-03-20 09:33:36.79+08"
"Yx3nQTUHu","https://cdn2.thecatapi.com/images/Yx3nQTUHu.jpg","2024-03-20 09:33:36.791+08","2024-03-20 09:33:36.791+08"
"zEpUrnbJg","https://cdn2.thecatapi.com/images/zEpUrnbJg.jpg","2024-03-20 09:33:36.789+08","2024-03-20 09:33:36.789+08"
"ZSV_8HqoS","https://cdn2.thecatapi.com/images/ZSV_8HqoS.jpg","2024-03-20 09:33:36.789+08","2024-03-20 09:33:36.789+08"
"ZUumV9qmY","https://cdn2.thecatapi.com/images/ZUumV9qmY.jpg","2024-03-20 09:33:36.79+08","2024-03-20 09:33:36.79+08"
